Sl,Date,Time,Product,Side,Qty,Exe Price,Acct
1,31/08/21,15:57:02,RHE,SLD,4200,10.9,NLSIM043
2,31/08/21,15:54:53,ZM,BOT,100,289.89,NLSIM043
3,31/08/21,15:53:51,ZM,BOT,100,289.53,NLSIM043
4,31/08/21,15:46:04,ZM,BOT,100,289.51,NLSIM043
5,31/08/21,15:45:02,ZM,BOT,200,290,NLSIM043
6,31/08/21,15:42:37,ACIU,BOT,50,8.5,NLSIM043
7,31/08/21,15:42:15,ELYS,SLD,1000,5.9,NLSIM076
8,31/08/21,15:21:25,ELYS,BOT,1000,6.18,NLSIM076
9,31/08/21,15:07:36,ZM,BOT,100,290.2,NLSIM043
10,31/08/21,15:06:00,RHE,BOT,1400,10.85,NLSIM043
11,31/08/21,15:06:00,RHE,BOT,1400,10.85,NLSIM043
12,31/08/21,15:06:00,RHE,BOT,1400,10.85,NLSIM043
13,31/08/21,15:06:00,RHE,BOT,1400,10.85,NLSIM043
14,31/08/21,15:02:46,RHE,SLD,1400,10.58,NLSIM043
15,31/08/21,15:02:46,RHE,SLD,1400,10.57,NLSIM043
16,31/08/21,15:02:24,ELYS,BOT,100,6.18,NLSIM077
17,31/08/21,15:02:18,ELYS,BOT,100,6.19,NLSIM077
18,31/08/21,15:02:15,ELYS,BOT,100,6.2,NLSIM077
19,31/08/21,15:02:11,ELYS,BOT,100,6.22,NLSIM077
20,31/08/21,15:02:11,ELYS,BOT,100,6.22,NLSIM077
21,31/08/21,15:02:11,ELYS,BOT,100,6.22,NLSIM077
22,31/08/21,15:02:03,ELYS,BOT,100,6.19,NLSIM077
23,31/08/21,14:22:25,AMC,SLD,100,46.69,NLSIM056
24,31/08/21,14:22:18,TKAT,SLD,200,11.47,NLSIM056
25,31/08/21,14:21:49,TKAT,BOT,100,11.62,NLSIM056
26,31/08/21,14:20:52,TKAT,BOT,100,11.56,NLSIM056
27,31/08/21,14:20:22,TKAT,SLD,200,11.55,NLSIM056
28,31/08/21,14:18:53,TKAT,BOT,100,11.714,NLSIM056
29,31/08/21,14:18:35,TKAT,BOT,100,11.69,NLSIM056
30,31/08/21,14:18:20,AMC,BOT,100,46.59,NLSIM056
31,31/08/21,13:20:28,AAPL,BOT,100,152.3,NLSIM098
32,31/08/21,13:20:17,MSFT,SLD,100,303.02,NLSIM098
33,31/08/21,13:20:12,AAPL,BOT,100,152.27,NLSIM098
34,31/08/21,13:20:00,AAPL,SLD SHRT,100,152.28,NLSIM098
35,31/08/21,12:51:34,SYTA,BOT,1000,4.29,NLSIM097
36,31/08/21,12:39:27,SYTA,SLD SHRT,1000,4.18,NLSIM097
37,31/08/21,12:36:26,ACIU,SLD,800,8.89,NLSIM097
38,31/08/21,12:34:55,ELYS,SLD SHRT,100,6.05,NLSIM077
39,31/08/21,12:33:45,ACIU,BOT,400,9.03,NLSIM097
40,31/08/21,12:32:40,RHE,BOT,300,11.75,NLSIM043
41,31/08/21,12:32:24,ACIU,BOT,400,9.03,NLSIM097
42,31/08/21,12:28:45,SYTA,BOT,1000,4.23,NLSIM097
43,31/08/21,12:27:51,RHE,BOT,300,12,NLSIM043
44,31/08/21,12:26:04,ELYS,SLD SHRT,100,5.72,NLSIM077
45,31/08/21,12:23:03,ZM,BOT,200,290.54,NLSIM043
46,31/08/21,12:19:58,SYTA,SLD SHRT,700,4.18,NLSIM097
47,31/08/21,12:19:06,RHE,BOT,300,12.31,NLSIM043
48,31/08/21,12:03:52,ELYS,SLD SHRT,100,5.77,NLSIM077
49,31/08/21,12:03:47,ELYS,SLD SHRT,100,5.77,NLSIM077
50,31/08/21,12:03:43,ELYS,SLD SHRT,100,5.77,NLSIM077
51,31/08/21,12:03:41,ELYS,SLD SHRT,100,5.79,NLSIM077
52,31/08/21,12:03:38,ELYS,SLD SHRT,100,5.78,NLSIM077
53,31/08/21,12:03:07,ELYS,SLD,100,5.85,NLSIM077
54,31/08/21,12:03:03,ELYS,SLD,100,5.85,NLSIM077
55,31/08/21,12:00:31,ELYS,BOT,100,5.84,NLSIM077
56,31/08/21,11:58:43,ELYS,BOT,100,5.94,NLSIM077
57,31/08/21,11:52:40,AAPL,BOT,100,151.94,NLSIM077
58,31/08/21,11:52:34,AAPL,SLD,200,151.96,NLSIM077
59,31/08/21,11:52:31,AAPL,SLD,100,151.96,NLSIM077
60,31/08/21,11:52:03,AAPL,BOT,100,151.96,NLSIM077
61,31/08/21,11:45:31,ZM,SLD,400,292,NLSIM043
62,31/08/21,11:45:31,ZM,SLD,400,292,NLSIM043
63,31/08/21,11:45:31,ZM,SLD,400,292,NLSIM043
64,31/08/21,11:45:30,SYTA,BOT,300,4.24,NLSIM097
65,31/08/21,11:45:02,AAPL,BOT,100,152.01,NLSIM077
66,31/08/21,11:36:57,BBIG,BOT,100,6.19,NLSIM077
67,31/08/21,11:36:41,ZM,BOT,200,293.58,NLSIM043
68,31/08/21,11:36:40,ZM,BOT,200,293.58,NLSIM043
69,31/08/21,11:36:40,ZM,BOT,200,293.58,NLSIM043
70,31/08/21,11:35:07,RHE,BOT,100,12.75,NLSIM043
71,31/08/21,11:34:51,RHE,BOT,100,13.02,NLSIM043
72,31/08/21,11:34:01,BBIG,SLD SHRT,100,6.209,NLSIM077
73,31/08/21,11:31:49,ZM,SLD,200,292.3,NLSIM043
74,31/08/21,11:31:49,ZM,SLD,200,292.3,NLSIM043
75,31/08/21,11:29:12,SYTA,SLD SHRT,300,4.35,NLSIM097
76,31/08/21,11:28:51,ZM,BOT,100,293.69,NLSIM043
77,31/08/21,11:28:49,ZM,BOT,200,293.33,NLSIM043
78,31/08/21,11:27:28,ACIU,SLD,100,9.25,NLSIM077
79,31/08/21,11:25:05,ACIU,BOT,100,9.3,NLSIM077
80,31/08/21,11:23:47,ZM,SLD SHRT,100,292.5,NLSIM043
81,31/08/21,11:23:47,ZM,SLD,100,292.5,NLSIM043
82,31/08/21,11:23:40,ZM,BOT,200,292.9,NLSIM043
83,31/08/21,11:20:27,AMC,SLD,100,45.38,NLSIM043
84,31/08/21,11:19:52,AMC,BOT,100,45.43,NLSIM043
85,31/08/21,11:17:29,ACIU,SLD SHRT,25,9.46,NLSIM043
86,31/08/21,11:16:31,AMC,BOT,225,45.48,NLSIM043
87,31/08/21,11:16:06,SYTA,BOT,300,4.35,NLSIM097
88,31/08/21,11:14:37,AMC,BOT,225,45.28,NLSIM043
89,31/08/21,11:14:14,RHE,BOT,100,13.1,NLSIM043
90,31/08/21,11:13:54,SYTA,SLD SHRT,600,4.42,NLSIM097
91,31/08/21,11:09:46,AMC,BOT,450,45.41,NLSIM043
92,31/08/21,11:08:52,AEHR,BOT,200,7.9,NLSIM092
93,31/08/21,11:07:42,AAPL,BOT,400,151.78,NLSIM043
94,31/08/21,11:07:19,RHE,BOT,500,13.35,NLSIM043
95,31/08/21,11:07:11,RHE,SLD SHRT,300,13.04,NLSIM043
96,31/08/21,11:07:07,RHE,BOT,200,13.18,NLSIM043
97,31/08/21,11:06:52,AEHR,BOT,200,7.99,NLSIM092
98,31/08/21,11:06:50,AEHR,BOT,200,8,NLSIM092
99,31/08/21,11:06:24,AMC,SLD SHRT,100,45.79,NLSIM043
100,31/08/21,11:06:08,AMC,SLD SHRT,100,45.79,NLSIM043
101,31/08/21,11:06:05,AMC,SLD SHRT,100,45.76,NLSIM043
102,31/08/21,11:05:55,AMC,SLD SHRT,100,45.76,NLSIM043
103,31/08/21,11:05:13,ACIU,BOT,400,9.63,NLSIM097
104,31/08/21,11:04:49,ACIU,SLD SHRT,200,9.68,NLSIM097
105,31/08/21,11:04:48,ACIU,SLD SHRT,200,9.68,NLSIM097
106,31/08/21,11:04:28,AMC,SLD SHRT,100,45.64,NLSIM043
107,31/08/21,11:03:13,ZM,SLD,50,292.15,NLSIM043
108,31/08/21,11:03:13,ZM,SLD,50,292.15,NLSIM043
109,31/08/21,11:03:13,ZM,SLD,50,292.15,NLSIM043
110,31/08/21,11:02:22,AAPL,SLD SHRT,100,151.73,NLSIM043
111,31/08/21,11:02:21,RHE,SLD SHRT,100,13,NLSIM043
112,31/08/21,11:01:43,RHE,SLD SHRT,100,12.82,NLSIM043
113,31/08/21,11:01:43,RHE,SLD,100,12.82,NLSIM043
114,31/08/21,11:00:26,AAPL,SLD SHRT,100,151.6,NLSIM043
115,31/08/21,10:57:52,RHE,BOT,25,12.78,NLSIM043
116,31/08/21,10:57:36,AMC,SLD SHRT,100,45.58,NLSIM043
117,31/08/21,10:55:29,AAPL,SLD SHRT,100,151.62,NLSIM043
118,31/08/21,10:55:22,AAPL,BOT,100,151.66,NLSIM043
119,31/08/21,10:54:49,AAPL,SLD SHRT,100,151.55,NLSIM043
120,31/08/21,10:54:46,AEHR,SLD SHRT,600,8.15,NLSIM092
121,31/08/21,10:54:36,AMC,SLD SHRT,100,45.49,NLSIM043
122,31/08/21,10:54:24,AAPL,SLD SHRT,100,151.58,NLSIM043
123,31/08/21,10:50:19,AMC,SLD SHRT,100,45.27,NLSIM043
124,31/08/21,10:45:37,RDHL,BOT,200,9.92,NLSIM092
125,31/08/21,10:45:12,RHE,SLD,75,13.16,NLSIM043
126,31/08/21,10:45:10,RDHL,SLD SHRT,200,10.06,NLSIM092
127,31/08/21,10:43:55,AMC,BOT,100,44.9,NLSIM043
128,31/08/21,10:43:32,AMC,BOT,200,45.06,NLSIM043
129,31/08/21,10:42:02,AMC,SLD,60,45.1,NLSIM046
130,31/08/21,10:35:55,RHE,SLD,150,12.88,NLSIM043
131,31/08/21,10:35:37,ACIU,BOT,25,10.49,NLSIM043
132,31/08/21,10:34:55,AMC,BOT,400,45.33,NLSIM043
133,31/08/21,10:34:39,AMC,SLD,1000,45.39,NLSIM052
134,31/08/21,10:33:32,RHE,SLD,300,12.76,NLSIM043
135,31/08/21,10:32:59,RHE,SLD,600,12.47,NLSIM043
136,31/08/21,10:32:27,RHE,BOT,600,12.24,NLSIM043
137,31/08/21,10:32:27,RHE,BOT,600,12.24,NLSIM043
138,31/08/21,10:32:27,RHE,BOT,600,12.24,NLSIM043
139,31/08/21,10:26:40,ZM,BOT,25,293.57,NLSIM043
140,31/08/21,10:26:40,ZM,BOT,25,293.57,NLSIM043
141,31/08/21,10:26:40,ZM,BOT,25,293.57,NLSIM043
142,31/08/21,10:26:10,AMC,BOT,800,45.54,NLSIM043
143,31/08/21,10:25:08,RHE,SLD,200,11.75,NLSIM043
144,31/08/21,10:25:08,RHE,SLD,200,11.75,NLSIM043
145,31/08/21,10:25:08,RHE,SLD,200,11.75,NLSIM043
146,31/08/21,10:25:07,RHE,SLD,200,11.75,NLSIM043
147,31/08/21,10:24:47,PTON,SLD,90,102.08,NLSIM046
148,31/08/21,10:24:11,AMC,SLD,400,45.76,NLSIM043
149,31/08/21,10:24:11,AMC,SLD,400,45.76,NLSIM043
150,31/08/21,10:24:11,AMC,SLD,800,45.76,NLSIM043
151,31/08/21,10:24:10,AMC,SLD,800,45.76,NLSIM043
152,31/08/21,10:23:54,PFE,SLD,500,46.87,NLSIM053
153,31/08/21,10:22:52,AMC,BOT,400,46.12,NLSIM043
154,31/08/21,10:22:20,ACIU,BOT,100,11.85,NLSIM097
155,31/08/21,10:22:00,AMC,BOT,400,46.02,NLSIM043
156,31/08/21,10:22:00,AMC,BOT,400,46.02,NLSIM043
157,31/08/21,10:20:55,AMC,SLD SHRT,400,45.85,NLSIM043
158,31/08/21,10:20:55,AMC,SLD,400,45.85,NLSIM043
159,31/08/21,10:20:32,RHE,SLD,200,12.08,NLSIM043
160,31/08/21,10:20:17,RHE,BOT,400,11.96,NLSIM043
161,31/08/21,10:20:17,RHE,BOT,400,12,NLSIM043
162,31/08/21,10:18:58,RHE,SLD SHRT,100,11.9,NLSIM043
163,31/08/21,10:18:16,RHE,SLD SHRT,100,11.63,NLSIM043
164,31/08/21,10:18:07,ACIU,SLD SHRT,100,11.08,NLSIM097
165,31/08/21,10:17:58,RHE,SLD SHRT,100,11.56,NLSIM043
166,31/08/21,10:17:51,RHE,SLD SHRT,100,11.55,NLSIM043
167,31/08/21,10:17:49,AMC,BOT,100,45.9,NLSIM043
168,31/08/21,10:17:44,RHE,BOT,200,11.68,NLSIM043
169,31/08/21,10:17:31,AMC,BOT,1000,45.95,NLSIM052
170,31/08/21,10:17:04,AMC,BOT,100,46.12,NLSIM043
171,31/08/21,10:16:55,PTON,BOT,30,100.64,NLSIM046
172,31/08/21,10:16:42,RHE,SLD SHRT,100,11.54,NLSIM043
173,31/08/21,10:16:20,AMC,BOT,400,45.85,NLSIM043
174,31/08/21,10:16:10,AMC,SLD SHRT,200,45.73,NLSIM043
175,31/08/21,10:16:10,AMC,SLD,200,45.73,NLSIM043
176,31/08/21,10:16:04,AMC,BOT,550,45.8,NLSIM043
177,31/08/21,10:15:54,ACIU,SLD,100,10.99,NLSIM091
178,31/08/21,10:15:35,ACIU,BOT,100,11.01,NLSIM091
179,31/08/21,10:15:14,AMD,BOT,100,109.28,NLSIM091
180,31/08/21,10:15:03,ACIU,BOT,300,11.29,NLSIM091
181,31/08/21,10:14:30,AMC,BOT,350,45.37,NLSIM043
182,31/08/21,10:14:30,ACIU,SLD SHRT,100,11.15,NLSIM091
183,31/08/21,10:14:28,AMD,SLD SHRT,100,109.33,NLSIM091
184,31/08/21,10:14:26,ACIU,SLD SHRT,100,11,NLSIM091
185,31/08/21,10:14:18,ACIU,SLD SHRT,100,11.02,NLSIM091
186,31/08/21,10:14:17,AMD,BOT,100,109.39,NLSIM091
187,31/08/21,10:14:09,ACIU,BOT,100,11.02,NLSIM091
188,31/08/21,10:14:08,AMD,SLD SHRT,100,109.46,NLSIM091
189,31/08/21,10:14:02,ACIU,SLD SHRT,100,11.2,NLSIM091
190,31/08/21,10:13:16,AMC,SLD SHRT,100,45.66,NLSIM043
191,31/08/21,10:12:45,AMD,SLD,100,109.76,NLSIM091
192,31/08/21,10:12:21,ACIU,BOT,200,11.34,NLSIM097
193,31/08/21,10:12:08,ACIU,SLD,100,11.32,NLSIM091
194,31/08/21,10:11:48,ACIU,BOT,100,11.46,NLSIM091
195,31/08/21,10:11:32,RHE,SLD SHRT,50,11.33,NLSIM043
196,31/08/21,10:11:28,AMC,SLD SHRT,200,45.57,NLSIM043
197,31/08/21,10:11:28,AMC,SLD SHRT,100,45.57,NLSIM043
198,31/08/21,10:11:28,AMC,SLD SHRT,100,45.56,NLSIM043
199,31/08/21,10:11:26,ACIU,SLD SHRT,200,11.47,NLSIM097
200,31/08/21,10:10:45,ACIU,BOT,200,11.58,NLSIM097
201,31/08/21,10:10:38,ACIU,SLD SHRT,200,11.47,NLSIM097
202,31/08/21,10:10:24,ACIU,BOT,300,11.69,NLSIM097
203,31/08/21,10:10:18,AMC,SLD SHRT,100,45.35,NLSIM043
204,31/08/21,10:10:16,AMD,BOT,100,109.67,NLSIM091
205,31/08/21,10:10:06,AMD,SLD,400,109.62,NLSIM091
206,31/08/21,10:10:00,AMD,BOT,200,109.83,NLSIM091
207,31/08/21,10:09:52,PTON,BOT,30,101.14,NLSIM046
208,31/08/21,10:09:47,AMC,SLD SHRT,100,45.35,NLSIM043
209,31/08/21,10:09:47,AMC,SLD,150,45.35,NLSIM043
210,31/08/21,10:09:29,AMC,SLD,150,45.43,NLSIM043
211,31/08/21,10:09:16,ACIU,SLD SHRT,100,11.54,NLSIM097
212,31/08/21,10:09:14,ACIU,SLD SHRT,200,11.52,NLSIM097
213,31/08/21,10:09:12,AMD,BOT,100,110.15,NLSIM091
214,31/08/21,10:09:11,AMC,BOT,30,45.36,NLSIM046
215,31/08/21,10:08:36,AMD,BOT,100,110.27,NLSIM091
216,31/08/21,10:07:52,ACIU,BOT,200,11.68,NLSIM097
217,31/08/21,10:07:51,ACIU,SLD,100,11.66,NLSIM091
218,31/08/21,10:07:48,ACIU,BOT,100,11.57,NLSIM091
219,31/08/21,10:07:45,RHE,BOT,50,11.36,NLSIM043
220,31/08/21,10:07:34,PFE,SLD,200,46.98,NLSIM053
221,31/08/21,10:07:22,RHE,SLD SHRT,100,11.68,NLSIM043
222,31/08/21,10:07:22,RHE,SLD,50,11.65,NLSIM043
223,31/08/21,10:07:20,PFE,BOT,200,46.96,NLSIM053
224,31/08/21,10:07:20,PFE,BOT,200,46.96,NLSIM053
225,31/08/21,10:07:15,RHE,SLD,50,12.4,NLSIM043
226,31/08/21,10:07:03,RHE,BOT,200,12.05,NLSIM043
227,31/08/21,10:06:54,RHE,SLD SHRT,100,11.91,NLSIM043
228,31/08/21,10:06:24,ACIU,SLD SHRT,200,11.27,NLSIM097
229,31/08/21,10:05:40,AMC,BOT,100,45.74,NLSIM043
230,31/08/21,10:05:11,ZM,SLD SHRT,25,291.55,NLSIM043
231,31/08/21,10:05:09,AMD,SLD,100,109.85,NLSIM091
232,31/08/21,10:05:03,ACIU,SLD,100,11.499,NLSIM091
233,31/08/21,10:04:52,AMD,BOT,100,110.02,NLSIM091
234,31/08/21,10:04:28,ACIU,BOT,100,11.38,NLSIM091
235,31/08/21,10:04:17,AMD,SLD,100,109.89,NLSIM091
236,31/08/21,10:02:27,ACIU,BOT,200,11.4,NLSIM097
237,31/08/21,10:02:13,AMD,BOT,100,110,NLSIM091
238,31/08/21,10:02:02,AMD,SLD,100,109.93,NLSIM091
239,31/08/21,10:01:09,AMD,BOT,100,110.24,NLSIM091
240,31/08/21,10:01:01,AMC,BOT,30,45.47,NLSIM046
241,31/08/21,10:00:41,ANY,BOT,800,5.7,NLSIM043
242,31/08/21,10:00:25,AMD,SLD,100,110.05,NLSIM091
243,31/08/21,10:00:09,AMD,BOT,100,109.75,NLSIM091
244,31/08/21,10:00:07,AMD,BOT,100,109.8,NLSIM091
245,31/08/21,9:59:31,AMC,BOT,200,45.35,NLSIM043
246,31/08/21,9:59:16,AMC,SLD,300,45.27,NLSIM043
247,31/08/21,9:59:08,PTON,BOT,30,101.02,NLSIM046
248,31/08/21,9:59:08,AMD,SLD SHRT,100,109.68,NLSIM091
249,31/08/21,9:59:08,ACIU,SLD SHRT,200,11.15,NLSIM097
250,31/08/21,9:58:31,AMD,SLD,100,109.77,NLSIM091
251,31/08/21,9:58:27,AMC,BOT,100,45.34,NLSIM043
252,31/08/21,9:58:20,ANY,SLD SHRT,400,5.65,NLSIM043
253,31/08/21,9:57:46,AMD,BOT,100,109.93,NLSIM091
254,31/08/21,9:57:18,ACIU,BOT,300,11.24,NLSIM097
255,31/08/21,9:56:34,ACIU,SLD SHRT,100,11.099,NLSIM097
256,31/08/21,9:56:31,ACIU,SLD SHRT,200,11.09,NLSIM097
257,31/08/21,9:56:07,ANY,SLD SHRT,400,5.68,NLSIM043
258,31/08/21,9:55:55,AAPL,BOT,100,151.9,NLSIM091
259,31/08/21,9:55:44,AMD,BOT,100,110.04,NLSIM091
260,31/08/21,9:55:39,AMC,SLD,200,45.19,NLSIM052
261,31/08/21,9:55:27,AMC,BOT,200,45.33,NLSIM052
262,31/08/21,9:54:59,AAPL,BOT,100,151.91,NLSIM091
263,31/08/21,9:54:30,RHE,SLD,200,11.74,NLSIM056
264,31/08/21,9:54:07,AMC,BOT,200,45.44,NLSIM052
265,31/08/21,9:53:57,AMC,SLD,200,45.4,NLSIM043
266,31/08/21,9:53:57,AMC,SLD SHRT,200,45.4,NLSIM052
267,31/08/21,9:53:43,AAPL,SLD SHRT,100,151.96,NLSIM091
268,31/08/21,9:53:28,AMC,BOT,200,45.19,NLSIM052
269,31/08/21,9:53:22,AMD,BOT,100,109.85,NLSIM091
270,31/08/21,9:53:14,AMC,SLD SHRT,200,45.04,NLSIM052
271,31/08/21,9:53:09,AMC,BOT,200,45.1,NLSIM052
272,31/08/21,9:53:03,ACIU,BOT,50,11.07,NLSIM043
273,31/08/21,9:53:01,AMC,SLD SHRT,200,45.03,NLSIM052
274,31/08/21,9:52:23,RHE,BOT,100,12.07,NLSIM056
275,31/08/21,9:52:23,AMD,BOT,100,109.85,NLSIM091
276,31/08/21,9:52:16,AMD,BOT,100,109.9,NLSIM091
277,31/08/21,9:52:13,RHE,BOT,100,11.89,NLSIM056
278,31/08/21,9:52:02,AAPL,SLD SHRT,100,152.19,NLSIM091
279,31/08/21,9:51:48,ACIU,BOT,200,10.92,NLSIM092
280,31/08/21,9:51:39,RHE,SLD,200,11.8,NLSIM056
281,31/08/21,9:51:32,AMD,SLD SHRT,100,110.03,NLSIM091
282,31/08/21,9:51:27,AMD,SLD SHRT,100,109.99,NLSIM091
283,31/08/21,9:51:22,AMD,SLD SHRT,100,109.95,NLSIM091
284,31/08/21,9:51:18,AMC,BOT,100,45.05,NLSIM043
285,31/08/21,9:51:07,AMD,SLD SHRT,100,109.87,NLSIM091
286,31/08/21,9:51:01,AMD,BOT,100,109.83,NLSIM091
287,31/08/21,9:50:27,PFE,BOT,100,46.79,NLSIM053
288,31/08/21,9:50:15,AMD,BOT,100,110.08,NLSIM091
289,31/08/21,9:50:15,RHE,BOT,100,11.96,NLSIM056
290,31/08/21,9:50:05,RHE,BOT,100,12.09,NLSIM056
291,31/08/21,9:50:04,AAPL,BOT,100,152,NLSIM091
292,31/08/21,9:49:52,ACIU,BOT,200,11.22,NLSIM097
293,31/08/21,9:49:49,AMC,SLD,200,45.46,NLSIM052
294,31/08/21,9:49:48,RHE,BOT,200,12.21,NLSIM056
295,31/08/21,9:49:44,RHE,SLD SHRT,100,12.09,NLSIM056
296,31/08/21,9:49:43,AMC,BOT,200,45.37,NLSIM052
297,31/08/21,9:49:40,ACIU,BOT,100,11.22,NLSIM043
298,31/08/21,9:49:30,RHE,SLD SHRT,100,11.73,NLSIM056
299,31/08/21,9:49:13,RHE,SLD,200,11.5,NLSIM056
300,31/08/21,9:49:05,RHE,BOT,100,11.67,NLSIM056
301,31/08/21,9:48:59,ACIU,SLD SHRT,200,11.59,NLSIM097
302,31/08/21,9:48:44,AMC,SLD,200,45.41,NLSIM052
303,31/08/21,9:48:32,RHE,BOT,100,11.88,NLSIM056
304,31/08/21,9:48:32,AMC,BOT,200,45.5,NLSIM052
305,31/08/21,9:48:15,AMD,SLD SHRT,100,110.11,NLSIM091
306,31/08/21,9:48:01,AAPL,SLD SHRT,100,152.175,NLSIM091
307,31/08/21,9:47:35,AMD,SLD SHRT,100,110.16,NLSIM091
308,31/08/21,9:47:31,ACIU,SLD SHRT,100,11.71,NLSIM043
309,31/08/21,9:46:43,AMD,BOT,100,110.22,NLSIM091
310,31/08/21,9:46:18,AMD,SLD SHRT,100,110.32,NLSIM091
311,31/08/21,9:46:13,ACIU,SLD SHRT,100,11.72,NLSIM043
312,31/08/21,9:46:13,ACIU,SLD,100,11.72,NLSIM043
313,31/08/21,9:46:09,ACIU,BOT,100,11.95,NLSIM097
314,31/08/21,9:45:56,AMD,SLD,100,110.34,NLSIM091
315,31/08/21,9:45:53,AMC,SLD,200,45.82,NLSIM052
316,31/08/21,9:45:53,AMD,SLD,200,110.35,NLSIM091
317,31/08/21,9:45:48,ACIU,SLD SHRT,100,11.82,NLSIM097
318,31/08/21,9:45:41,AMC,BOT,200,45.76,NLSIM052
319,31/08/21,9:45:41,ACIU,BOT,200,11.88,NLSIM043
320,31/08/21,9:45:30,BBIG,BOT,200,5.65,NLSIM053
321,31/08/21,9:45:15,ACIU,SLD SHRT,100,11.75,NLSIM043
322,31/08/21,9:45:14,AMD,BOT,100,110.59,NLSIM091
323,31/08/21,9:44:48,ACIU,SLD,100,11.68,NLSIM043
324,31/08/21,9:44:42,ACIU,BOT,200,12.08,NLSIM043
325,31/08/21,9:44:08,ACIU,BOT,100,11.68,NLSIM043
326,31/08/21,9:44:07,AMD,BOT,100,110.45,NLSIM091
327,31/08/21,9:44:07,AMD,BOT,100,110.44,NLSIM091
328,31/08/21,9:44:01,PFE,BOT,100,46.84,NLSIM053
329,31/08/21,9:43:12,AMD,BOT,100,110.28,NLSIM091
330,31/08/21,9:43:10,AMC,SLD,200,45.57,NLSIM056
331,31/08/21,9:42:48,RHE,BOT,100,11.4,NLSIM053
332,31/08/21,9:42:40,AAPL,BOT,100,151.74,NLSIM091
333,31/08/21,9:41:59,AAPL,SLD SHRT,100,151.76,NLSIM091
334,31/08/21,9:41:54,AMD,SLD SHRT,100,110.26,NLSIM091
335,31/08/21,9:41:53,AMC,SLD,200,45.62,NLSIM052
336,31/08/21,9:41:50,AMC,BOT,100,45.53,NLSIM056
337,31/08/21,9:41:45,AMC,BOT,200,45.53,NLSIM052
338,31/08/21,9:41:44,AMD,BOT,400,110.3,NLSIM091
339,31/08/21,9:41:43,AMD,SLD SHRT,100,110.3,NLSIM091
340,31/08/21,9:41:33,AMC,BOT,100,45.49,NLSIM056
341,31/08/21,9:41:14,AMD,SLD SHRT,100,110.17,NLSIM091
342,31/08/21,9:41:10,RHE,SLD SHRT,100,10.58,NLSIM053
343,31/08/21,9:40:55,AAPL,SLD,100,151.77,NLSIM091
344,31/08/21,9:40:54,ACIU,SLD SHRT,100,12,NLSIM043
345,31/08/21,9:40:51,AAPL,BOT,100,151.81,NLSIM091
346,31/08/21,9:40:49,AAPL,BOT,200,151.89,NLSIM091
347,31/08/21,9:40:48,ACIU,BOT,200,12.3,NLSIM052
348,31/08/21,9:40:39,ACIU,SLD SHRT,200,11.66,NLSIM052
349,31/08/21,9:40:26,ACIU,BOT,100,11.46,NLSIM043
350,31/08/21,9:40:19,ACIU,BOT,200,11.9,NLSIM052
351,31/08/21,9:40:17,AMC,BOT,100,45.59,NLSIM043
352,31/08/21,9:40:04,AAPL,BOT,100,151.9,NLSIM091
353,31/08/21,9:39:59,ACIU,SLD SHRT,200,12,NLSIM052
354,31/08/21,9:39:58,AAPL,BOT,100,152.08,NLSIM091
355,31/08/21,9:39:58,ANY,BOT,300,6.15,NLSIM053
356,31/08/21,9:39:45,BBIG,SLD SHRT,100,6.27,NLSIM053
357,31/08/21,9:39:42,AMD,SLD SHRT,100,110.18,NLSIM091
358,31/08/21,9:39:40,ACIU,BOT,200,12.06,NLSIM052
359,31/08/21,9:39:35,AAPL,SLD SHRT,100,152.22,NLSIM091
360,31/08/21,9:39:24,ACIU,SLD SHRT,200,12.1,NLSIM052
361,31/08/21,9:39:21,AMD,SLD SHRT,100,110.02,NLSIM091
362,31/08/21,9:39:17,ACIU,BOT,200,12.28,NLSIM052
363,31/08/21,9:39:11,ACIU,SLD SHRT,200,12.13,NLSIM052
364,31/08/21,9:38:59,AMD,BOT,100,110.21,NLSIM091
365,31/08/21,9:38:58,ACIU,SLD SHRT,200,12.16,NLSIM043
366,31/08/21,9:38:58,ACIU,SLD,200,12.26,NLSIM043
367,31/08/21,9:38:49,AAPL,BOT,100,152.06,NLSIM091
368,31/08/21,9:38:48,ACIU,BOT,400,12.41,NLSIM043
369,31/08/21,9:38:40,ACIU,BOT,200,12.28,NLSIM052
370,31/08/21,9:38:38,ACIU,SLD SHRT,200,12.25,NLSIM052
371,31/08/21,9:38:37,AAPL,SLD SHRT,100,152.18,NLSIM091
372,31/08/21,9:38:34,ACIU,SLD SHRT,200,12.25,NLSIM043
373,31/08/21,9:38:24,ACIU,BOT,200,12.35,NLSIM043
374,31/08/21,9:37:45,AAPL,SLD SHRT,100,152.43,NLSIM091
375,31/08/21,9:37:30,PFE,BOT,100,46.74,NLSIM053
376,31/08/21,9:37:27,AAPL,SLD SHRT,100,152.23,NLSIM091
377,31/08/21,9:37:14,ACIU,SLD SHRT,100,12.02,NLSIM043
378,31/08/21,9:37:05,AMD,SLD SHRT,100,110.48,NLSIM091
379,31/08/21,9:37:03,BBIG,SLD SHRT,100,6.29,NLSIM053
380,31/08/21,9:37:03,AMC,BOT,400,45.26,NLSIM043
381,31/08/21,9:36:59,ACIU,BOT,200,12.13,NLSIM052
382,31/08/21,9:36:57,AAPL,SLD SHRT,100,151.9,NLSIM091
383,31/08/21,9:36:57,ACIU,SLD SHRT,200,12.24,NLSIM052
384,31/08/21,9:36:46,AAPL,BOT,100,152.05,NLSIM091
385,31/08/21,9:36:44,ACIU,BOT,100,12.28,NLSIM097
386,31/08/21,9:36:38,AMD,BOT,100,110.55,NLSIM091
387,31/08/21,9:36:34,ACIU,SLD SHRT,100,12.36,NLSIM043
388,31/08/21,9:36:28,ACIU,BOT,100,12.57,NLSIM043
389,31/08/21,9:36:22,ACIU,SLD SHRT,100,12.49,NLSIM097
390,31/08/21,9:36:18,ACIU,SLD SHRT,50,12.33,NLSIM043
391,31/08/21,9:36:10,ACIU,SLD SHRT,50,12.12,NLSIM043
392,31/08/21,9:36:09,AAPL,SLD SHRT,100,151.62,NLSIM091
393,31/08/21,9:35:43,AMD,SLD SHRT,100,110.29,NLSIM091
394,31/08/21,9:35:08,ACIU,BOT,200,11.75,NLSIM052
395,31/08/21,9:35:02,ACIU,SLD SHRT,200,11.7,NLSIM052
396,31/08/21,9:34:54,ACIU,BOT,200,11.79,NLSIM052
397,31/08/21,9:34:49,AMC,SLD SHRT,100,44.95,NLSIM043
398,31/08/21,9:34:40,ACIU,SLD SHRT,200,11.75,NLSIM052
399,31/08/21,9:34:31,ANY,SLD SHRT,100,5.92,NLSIM053
400,31/08/21,9:34:07,ANY,SLD SHRT,100,5.89,NLSIM053
401,31/08/21,9:33:50,AAPL,BOT,100,152.17,NLSIM091
402,31/08/21,9:33:47,ANY,SLD SHRT,100,5.88,NLSIM053
403,31/08/21,9:33:45,AAPL,BOT,100,152.3,NLSIM091
404,31/08/21,9:33:41,AMC,SLD SHRT,100,45,NLSIM043
405,31/08/21,9:33:31,AAPL,SLD SHRT,100,152.49,NLSIM091
406,31/08/21,9:33:24,ZM,BOT,13,292.2,NLSIM043
407,31/08/21,9:33:13,ACIU,SLD SHRT,200,11.56,NLSIM092
408,31/08/21,9:32:57,ACIU,SLD,200,12.42,NLSIM052
409,31/08/21,9:32:55,ACIU,BOT,200,12.25,NLSIM052
410,31/08/21,9:32:52,ZM,BOT,12,290.96,NLSIM043
411,31/08/21,9:32:48,AAPL,SLD SHRT,100,152.25,NLSIM091
412,31/08/21,9:32:33,RNXT,BOT,200,14.09,NLSIM092
413,31/08/21,9:32:29,ACIU,SLD,200,11.82,NLSIM052
414,31/08/21,9:32:24,ANY,BOT,200,5.87,NLSIM053
415,31/08/21,9:32:23,ACIU,BOT,200,11.99,NLSIM052
416,31/08/21,9:32:23,ANY,SLD SHRT,200,5.85,NLSIM053
417,31/08/21,9:32:15,ZM,BOT,25,290.23,NLSIM043
418,31/08/21,9:32:13,ACIU,SLD,200,11.85,NLSIM052
419,31/08/21,9:32:03,ACIU,BOT,200,12,NLSIM052
420,31/08/21,9:31:55,RNXT,SLD SHRT,200,14.68,NLSIM092
421,31/08/21,9:31:47,ACIU,SLD,200,11.9,NLSIM052
422,31/08/21,9:31:39,ACIU,BOT,200,12,NLSIM052
423,31/08/21,9:31:36,ACIU,SLD,200,11.9,NLSIM052
424,31/08/21,9:31:26,ACIU,BOT,200,11.98,NLSIM052
425,31/08/21,9:31:22,ZM,SLD SHRT,50,292,NLSIM043
426,31/08/21,9:31:19,AAPL,BOT,100,152.13,NLSIM091
427,31/08/21,9:31:04,ACIU,BOT,200,11.95,NLSIM092
428,31/08/21,9:31:04,AAPL,SLD SHRT,100,152.16,NLSIM091
429,31/08/21,9:31:03,ACIU,BOT,200,11.91,NLSIM092
430,31/08/21,9:30:22,ACIU,SLD SHRT,200,12.03,NLSIM092
431,31/08/21,9:30:21,ACIU,SLD SHRT,200,11.91,NLSIM092
432,31/08/21,9:25:23,MSFT,BOT,100,304.94,NLSIM098
433,31/08/21,9:25:13,AAPL,SLD SHRT,100,152.72,NLSIM098